rank,name,kind,L,src,score_extra,dist_extra,n_near_extra,score_epi,dist_epi,n_near_epi
1,apt_01309,ss,50,mcts,-323.66,2.6040817959503526,56,-323.66,2.6040817959503526,39
2,apt_02350,ss,50,mcts,-310.15,3.361792676534364,35,-310.15,5.249632082346338,18
3,apt_00692,ss,53,mcts,-304.46,2.6659396092184857,58,-304.46,3.3511421933424446,41
4,apt_01347,ss,50,mcts,-300.5,2.2038325707730118,49,-300.5,2.96263041907018,23
5,apt_00032,ss,52,mcts,-299.16,2.9494338439775074,57,-299.16,6.430671582346591,41
6,apt_02471,ss,51,mcts,-298.82,3.5801648006761084,66,-298.82,6.914121997766605,45
7,apt_02016,ss,50,mcts,-298.76,2.158837650218293,51,-298.76,2.3100679643681428,25
8,apt_01477,ss,51,mcts,-298.35,2.179391428816776,49,-298.35,4.89120189728455,33
9,apt_02230,ss,52,mcts,-296.98,2.699341401156971,50,-296.98,3.395268766975594,28
10,apt_01517,ss,54,mcts,-295.36,2.7698790587316173,46,-295.36,2.8189852784291,32
11,apt_02791,ss,50,mcts,-294.61,2.1265084058145733,55,-294.61,4.953582340084808,35
12,apt_01443,ss,56,mcts,-293.93,2.678580594270038,60,-293.93,4.129060062532393,33
13,apt_02062,ss,53,mcts,-292.67,2.5590484559695454,47,-292.67,2.669980149738947,35
14,apt_02079,ss,50,mcts,-292.27,2.9349155013390194,47,-292.27,2.956730795997505,28
15,apt_00384,ss,50,mcts,-291.85,3.1323859915406262,42,-291.85,3.1323859915406262,27
16,apt_00711,ss,56,mcts,-291.85,2.6282705340204227,48,-291.85,2.6282705340204227,36
17,apt_01157,ss,50,mcts,-290.1,2.6581461585097155,52,-290.1,4.560076534445454,28
18,apt_01597,ss,51,mcts,-289.75,2.3483394132876265,45,-289.75,4.505154936292417,29
19,apt_00908,ss,50,mcts,-287.15,3.271134665525087,54,-287.15,5.094330574275679,33
20,apt_01373,ss,50,mcts,-287.07,2.4327461848700835,45,-287.07,2.5795918281774832,27
21,apt_01912,ss,50,mcts,-286.83,2.91522726386811,53,-286.83,3.92538685991584,40
22,apt_00610,ss,50,mcts,-286.42,2.4288600206681394,38,-286.42,2.4288600206681394,24
23,apt_02312,ss,50,mcts,-311.3,3.389383572273886,38,-285.07,6.374677560473165,20
24,apt_02640,ss,52,mcts,-284.52,2.304489965263466,41,-284.52,2.304489965263466,26
25,apt_00161,ss,56,mcts,-284.31,2.3686101409898646,54,-284.31,3.39104261253084,33
26,apt_01809,ss,53,mcts,-283.79,2.4217879758558727,48,-283.79,3.2787230746130454,32
27,apt_02709,ss,52,mcts,-283.47,2.4398926205880236,40,-283.47,4.340596272403146,30
28,apt_00862,ss,50,mcts,-282.05,3.47910922507471,49,-282.05,4.997040524150277,26
29,apt_02247,ss,50,mcts,-281.62,2.476194661168624,42,-281.62,2.682818480628161,31
30,apt_02259,ss,52,mcts,-280.69,2.096905338826725,46,-280.69,5.915034234896702,28
31,apt_00057,ss,50,mcts,-280.54,2.483741935064904,44,-280.54,3.6440326562751677,25
32,apt_01934,ss,50,mcts,-279.66,2.844624931339806,42,-279.66,3.1552478508034776,23
33,apt_00738,ss,50,mcts,-279.33,4.625705351619361,29,-279.33,6.818140068963086,14
34,apt_01795,ss,50,mcts,-279.3,2.4589764130629694,49,-279.3,5.437131780635825,34
35,apt_01097,ss,50,mcts,-279.04,3.7471156907680405,34,-279.04,3.864306017902827,17
36,apt_00125,ss,56,mcts,-278.65,3.086674748009601,50,-278.65,3.5165760335872185,31
37,apt_00158,ss,56,mcts,-277.28,2.3240348534391617,35,-277.28,2.3240348534391617,21
38,apt_01233,ss,50,mcts,-276.99,3.3310397776069824,38,-276.99,5.307675950922401,23
39,apt_02417,ss,50,mcts,-276.71,3.489223695895689,46,-276.71,4.499676655049786,31
40,apt_00313,ss,51,mcts,-276.41,2.6343433716962625,47,-276.41,5.841719181884741,26
41,apt_00796,ss,50,mcts,-276.38,2.2940664768048897,49,-276.38,4.383164153896136,25
42,apt_02337,ss,50,mcts,-276.35,2.5814819387320775,51,-276.35,6.65003954875456,33
43,apt_00844,ss,54,mcts,-277.22,6.018194829016429,48,-276.03,2.5217874613059856,32
44,apt_01282,ss,50,mcts,-275.87,2.3872683133657118,45,-275.87,2.8126354189620746,27
45,apt_00435,ss,50,mcts,-275.67,2.864810988529598,41,-275.67,6.706593322991929,25
46,apt_02473,ss,50,mcts,-275.35,0.7696148387342969,40,-275.35,6.388157324299392,25
47,apt_01967,ss,53,mcts,-275.05,2.5756818514715722,55,-275.05,3.530605897009744,35
48,apt_01667,ss,59,mcts,-274.64,3.623710529277972,50,-274.64,6.664464944764885,29
49,apt_01893,ss,50,mcts,-274.38,3.217941733468778,34,-274.38,4.591525454573902,22
50,apt_01652,ss,55,mcts,-273.33,2.347866052397367,53,-273.33,2.347866052397367,35
51,apt_00660,ss,59,mcts,-272.93,5.85634860642704,39,-272.93,6.572699521505622,17
52,apt_02701,ss,50,mcts,-272.91,2.1945753575578077,44,-272.91,6.3115631978139985,31
53,apt_00581,ss,50,mcts,-272.66,2.9624378474492996,43,-272.66,5.284901985846091,27
54,apt_00923,ss,50,mcts,-272.5,2.6164758741482848,41,-272.5,2.6164758741482848,22
55,apt_00728,ss,50,mcts,-272.35,2.2075565677916407,37,-272.35,2.293669548997863,26
56,apt_02055,ss,51,mcts,-272.13,2.9616922527501055,49,-272.13,6.876140414505789,25
57,apt_00575,ss,50,mcts,-272.11,2.6213128390178873,41,-272.11,2.714756158479062,22
58,apt_00907,ss,53,mcts,-272.08,2.4774141761118615,54,-272.08,4.706440374635589,36
59,apt_00970,ss,56,mcts,-271.79,2.096330126673741,55,-271.79,3.062262725502181,35
60,apt_02637,ss,50,mcts,-271.78,2.524732461073839,45,-271.78,2.524732461073839,29
61,apt_01802,ss,50,mcts,-271.74,2.6877103638599142,44,-271.74,6.379711670600792,29
62,apt_00280,ss,50,mcts,-271.71,2.125423722460989,53,-271.71,2.2711173461536553,42
63,apt_01358,ss,50,mcts,-271.49,2.4272210447340896,46,-271.49,2.7414963067638705,29
64,apt_02339,ss,50,mcts,-271.4,2.5072784049642407,40,-271.4,4.128869578952591,24
65,apt_00623,ss,50,mcts,-271.31,2.759440160612282,55,-271.31,4.165143574956325,33
66,apt_02536,ss,50,mcts,-270.7,2.9329469821324583,34,-270.7,3.246802273006479,17
67,apt_01773,ss,50,mcts,-270.65,2.1514901812464853,44,-270.65,3.4932897102874234,31
68,apt_01825,ss,50,mcts,-270.45,1.2978651701929564,62,-270.45,1.2978651701929564,46
69,apt_00036,ss,52,mcts,-270.33,3.6292772007660274,56,-270.33,6.181897200698187,34
70,apt_00708,ss,50,mcts,-270.3,2.698305023528648,38,-270.3,3.0205474669337735,27
71,apt_00885,ss,50,mcts,-270.29,3.2659597364327846,47,-270.29,4.0368266001898085,23
72,apt_01353,ss,50,mcts,-270.25,2.9706028007796657,50,-270.25,4.418833443342263,28
73,apt_00411,ss,52,mcts,-270.15,2.7881510002150107,49,-270.15,4.281435390146624,22
74,apt_01012,ss,53,mcts,-270.12,3.0504260358186137,41,-270.12,6.662151379246809,21
75,apt_01550,ss,50,mcts,-270.09,2.3963238512354743,48,-270.09,2.8265707137802174,30
76,apt_02405,ss,50,mcts,-269.83,2.671572570603311,53,-269.83,2.9574382495666782,35
77,apt_01197,ss,53,mcts,-269.48,1.9358111994716942,48,-269.48,2.1517569565357464,21
78,apt_00593,ss,51,mcts,-268.73,2.378218030374847,59,-268.73,2.378218030374847,32
79,apt_02192,ss,53,mcts,-268.69,2.0220281897144665,52,-268.69,3.973483484299394,33
80,apt_01402,ss,50,mcts,-268.47,2.512423929196679,42,-268.47,3.434081390998185,24
81,apt_00274,ss,50,mcts,-268.23,2.787633763606713,52,-268.23,2.787633763606713,34
82,apt_02687,ss,50,mcts,-268.2,2.9302441877768506,43,-268.2,2.9302441877768506,27
83,apt_02654,ss,50,mcts,-268.19,3.1927683912241354,49,-268.19,6.990065879517874,36
84,apt_01036,ss,50,mcts,-268.01,2.88914122188584,47,-268.01,6.160567019357884,34
85,apt_01876,ss,50,mcts,-275.04,2.92653686120644,51,-267.46,2.4164331151513316,29
86,apt_00077,ss,50,mcts,-267.21,2.603037648594427,59,-267.21,3.403224941140401,34
87,apt_00166,ss,55,mcts,-267.2,2.54326050572883,51,-267.2,2.54326050572883,31
88,apt_01983,ss,51,mcts,-267.18,2.4116562773330745,41,-267.18,2.4116562773330745,26
89,apt_02753,ss,50,mcts,-266.91,2.384740027759846,44,-266.91,2.384740027759846,29
90,apt_01026,ss,50,mcts,-266.89,3.24048283439367,59,-266.89,6.039112683167955,42
91,apt_02432,ss,54,mcts,-266.74,2.2085499767947447,45,-266.74,2.7906873705236075,23
92,apt_02597,ss,55,mcts,-266.71,2.5257541448050764,42,-266.71,2.5257541448050764,21
93,apt_02696,ss,55,mcts,-266.62,1.7216242331008222,42,-266.62,3.0260662583624973,31
94,apt_01955,ss,53,mcts,-266.3,2.642098029975428,50,-266.3,3.524141455730748,28
95,apt_02755,ss,50,mcts,-266.27,1.9035107039362886,43,-266.27,1.9035107039362886,28
96,apt_01587,ss,52,mcts,-266.05,2.0275672615230316,45,-266.05,4.312541362120479,28
97,apt_02615,ss,50,mcts,-266.02,2.5358692789653023,52,-266.02,3.557462438311891,32
98,apt_00372,ss,50,mcts,-265.98,2.1163806368420532,35,-265.98,3.5231653381582877,19
99,apt_01341,ss,50,mcts,-265.77,2.215505359957403,39,-265.77,2.215505359957403,20
100,apt_02285,ss,50,mcts,-265.34,2.791852968907927,52,-265.34,6.122765469949012,34
101,apt_01195,ss,50,mcts,-265.28,1.9534305720961915,53,-265.28,3.9659500753287475,38
102,apt_01070,ss,50,mcts,-265.23,2.26369034984912,41,-265.23,3.9834979603358613,25
103,apt_02587,ss,54,mcts,-265.04,3.1097337506609746,49,-265.04,5.8758191769318415,30
104,apt_00695,ss,53,mcts,-273.14,3.9809145934069043,48,-265.03,2.844715099970487,19
105,apt_00565,ss,50,mcts,-264.96,3.1233837420336377,34,-264.96,4.700437639199148,20
106,apt_01186,ss,50,mcts,-264.96,2.1301537503194377,45,-264.96,3.0326209786255927,29
107,apt_02356,ss,51,mcts,-264.87,2.3619521587026258,43,-264.87,2.857376594010663,24
108,apt_01065,ss,50,mcts,-264.8,3.2068168017521654,41,-264.8,5.094399375785137,14
109,apt_00083,ss,50,mcts,-264.71,1.2225326171517978,52,-264.71,1.2225326171517978,40
110,apt_00797,ss,50,mcts,-264.35,2.739529521651478,44,-264.35,5.944435381093812,19
111,apt_00576,ss,50,mcts,-264.23,2.9063630193078067,34,-264.23,4.358917755590265,22
112,apt_02555,ss,51,mcts,-264.03,2.190095203410122,48,-264.03,5.122095079164384,27
113,apt_00290,ss,51,mcts,-263.87,1.6626948006173718,37,-263.87,2.2007239717874585,24
114,apt_01999,ss,50,mcts,-263.79,3.226864422314639,45,-263.79,5.008138177007497,27
115,apt_00521,ss,50,mcts,-263.64,2.830002650175446,31,-263.64,2.853652571705245,21
116,apt_02270,ss,55,mcts,-263.56,2.535183425316588,42,-263.56,2.7075993056580523,28
117,apt_00669,ss,50,mcts,-263.35,2.610753722586632,38,-263.35,6.082075468127634,23
118,apt_00188,ss,50,mcts,-263.31,3.0834730418799037,34,-263.31,4.6339674146458965,19
119,apt_00327,ss,50,mcts,-263.19,3.008552309666566,41,-263.19,5.815173514178225,21
120,apt_02264,ss,50,mcts,-262.76,3.2017509272271556,50,-262.76,3.5633927653291373,30
121,apt_02094,ss,50,mcts,-262.16,2.9872104043739514,51,-262.16,3.556294279161954,36
122,apt_00219,ss,50,mcts,-261.83,5.799803013896247,36,-261.83,6.882285158288639,22
123,apt_00702,ss,50,mcts,-261.72,2.502410437957755,36,-261.72,6.153282538613032,17
124,apt_01939,ss,50,mcts,-261.72,2.7165192802555103,54,-261.72,6.769334236097384,36
125,apt_02666,ss,50,mcts,-261.71,2.3901667305859498,51,-261.71,5.596268131531945,31
126,apt_00838,ss,54,mcts,-261.63,0.6459612991503387,49,-261.63,0.6459612991503387,27
127,apt_02100,ss,50,mcts,-262.72,6.538731451894924,47,-261.48,2.762060462770507,25
128,apt_00778,ss,50,mcts,-261.27,2.820034751558934,34,-261.27,6.891792292285099,22
129,apt_02046,ss,55,mcts,-261.26,3.0171995293649347,42,-261.26,4.542607180903946,26
130,apt_01971,ss,50,mcts,-261.23,1.8647560162123258,44,-261.23,2.931869710611303,30
131,apt_02575,ss,50,mcts,-261.19,1.730053467381855,40,-261.19,2.6625825808789334,25
132,apt_02719,ss,50,mcts,-261.18,6.84454709969915,50,-261.18,6.863064767288752,31
133,apt_02324,ss,53,mcts,-261.12,2.4664993411716223,49,-261.12,5.537480383712433,18
134,apt_02628,ss,50,mcts,-261.05,2.552999804151976,41,-261.05,4.452280314625309,25
135,apt_01203,ss,50,mcts,-260.92,3.4910171870101236,42,-260.92,6.494563110787368,23
136,apt_01873,ss,53,mcts,-260.89,3.182959314851507,57,-260.89,5.011548064221266,39
137,apt_00438,ss,50,mcts,-260.86,3.0320514507507825,38,-260.86,3.0320514507507825,17
138,apt_00939,ss,50,mcts,-260.78,1.8842075257253232,43,-260.78,1.8842075257253232,19
139,apt_00541,ss,53,mcts,-260.72,3.1832948339731226,46,-260.72,5.249898094249065,30
140,apt_00191,ss,54,mcts,-260.71,2.2931205812167654,46,-260.71,6.904991889930069,25
141,apt_01144,ss,50,mcts,-260.68,2.603623052594209,51,-260.68,2.603623052594209,29
142,apt_01291,ss,53,mcts,-260.67,2.1666404870213096,34,-260.67,4.702179175658874,23
143,apt_00212,ss,50,mcts,-260.65,2.8416639491677964,42,-260.65,3.0872448882458405,30
144,apt_00940,ss,50,mcts,-260.63,3.5341602963080296,46,-260.63,3.8309286080531466,24
145,apt_00588,ss,51,mcts,-260.4,2.182309098180187,49,-260.4,2.182309098180187,34
146,apt_00933,ss,50,mcts,-260.33,2.488355681971527,39,-260.33,3.040069407102403,19
147,apt_01156,ss,50,mcts,-260.32,2.568080411513627,40,-260.32,3.036790904886272,24
148,apt_01431,ss,54,mcts,-260.25,2.2863414005786704,42,-260.25,3.5938760412679875,28
149,apt_02678,ss,52,mcts,-260.24,3.0536047550395105,37,-260.24,6.212397363337281,24
150,apt_00376,ss,50,mcts,-260.21,1.9457116949846343,47,-260.21,3.109447860955383,28
151,apt_00239,ss,50,mcts,-260.17,2.18175915261058,57,-260.17,2.285808828401892,40
152,apt_01728,ss,51,mcts,-260.1,2.303710919364678,51,-260.1,2.9088728057445272,22
153,apt_00785,ss,50,mcts,-259.97,2.598797029396491,42,-259.97,3.3671979448793925,18
154,apt_02240,ss,50,mcts,-259.9,2.330961175137839,39,-259.9,2.330961175137839,21
155,apt_00122,ss,50,mcts,-259.85,4.357943781188536,46,-259.85,6.978594772588536,29
156,apt_02561,ss,50,mcts,-259.83,2.4801332625486054,46,-259.83,3.370436321902561,31
157,apt_01608,ss,50,mcts,-259.79,2.278785860935578,37,-259.79,5.805368119249651,26
158,apt_00621,ss,50,mcts,-259.75,2.8117291832607254,41,-259.75,2.8129568073470437,19
159,apt_00624,ss,50,mcts,-259.73,1.9045776434684845,52,-259.73,4.745571514580718,37
160,apt_00594,ss,52,mcts,-259.5,3.002360737819496,41,-259.5,3.002360737819496,25
161,apt_00731,ss,50,mcts,-259.46,2.673208371975516,45,-259.46,2.8412738340399373,23
162,apt_01646,ss,50,mcts,-259.43,2.108076611511065,28,-259.43,2.4534595982000633,18
163,apt_01722,ss,54,mcts,-259.42,2.2599435833666344,56,-259.42,2.2599435833666344,31
164,apt_01252,ss,50,mcts,-259.37,2.1522121177988063,52,-259.37,3.065704812926383,34
165,apt_00003,ss,50,mcts,-259.35,4.701867820345447,33,-259.35,6.844247584650924,19
166,apt_00066,ss,52,mcts,-259.3,1.8934671901039097,35,-259.3,2.7557628707855084,24
167,apt_02476,ss,53,mcts,-258.71,2.832150243189783,40,-258.71,3.9930335585867667,18
168,apt_02585,ss,54,mcts,-258.68,3.076371564034481,52,-258.68,3.813343939379199,34
169,apt_02457,ss,50,mcts,-258.62,3.833077223328528,47,-258.62,6.640220101773729,29
170,apt_02127,ss,50,mcts,-258.57,2.837184167444883,38,-258.57,5.3219570648399595,23
171,apt_00622,ss,50,mcts,-258.41,2.6242608483152043,38,-258.41,6.95175841064691,16
172,apt_02096,ss,50,mcts,-258.38,2.8761415125128833,54,-258.38,6.617268998612633,41
173,apt_00919,ss,50,mcts,-257.99,2.1863807994034334,45,-257.99,2.862056079115165,29
174,apt_01779,ss,50,mcts,-257.89,3.2318536476765214,40,-257.89,4.287877796766137,28
175,apt_00069,ss,57,mcts,-257.85,1.501542207198984,48,-257.85,2.7656250649717444,28
176,apt_01672,ss,51,mcts,-257.79,5.091164601542572,47,-257.79,6.4653412902955205,29
177,apt_01225,ss,50,mcts,-257.62,2.4574920142291643,40,-257.62,5.1118750962831685,21
178,apt_01764,ss,52,mcts,-257.59,2.792044770414676,48,-257.59,2.792044770414676,30
179,apt_02117,ss,50,mcts,-257.59,1.769920054691745,50,-257.59,4.45931799718298,30
180,apt_02485,ss,50,mcts,-257.53,2.5339396204329754,34,-257.53,2.6012864125274655,17
181,apt_00823,ss,50,mcts,-257.45,2.6939283583644236,54,-257.45,2.6939283583644236,32
182,apt_02191,ss,50,mcts,-257.43,3.1992763244208833,46,-257.43,6.801831591564139,20
183,apt_00423,ss,51,mcts,-257.36,2.3415795950597116,40,-257.36,4.536027557235522,30
184,apt_02319,ss,51,mcts,-257.35,2.639608304275468,37,-257.35,6.912899102402706,25
185,apt_01696,ss,50,mcts,-257.13,2.5491914404375473,45,-257.13,3.0204173552673046,32
186,apt_02291,ss,50,mcts,-257.11,2.2589785302211274,47,-257.11,2.2589785302211274,27
187,apt_02129,ss,50,mcts,-257.08,2.641034835059935,45,-257.08,5.899005424645754,30
188,apt_01128,ss,50,mcts,-257.07,2.6784006421743434,41,-257.07,4.956292465139632,21
189,apt_01278,ss,50,mcts,-256.88,2.5957898605241536,50,-256.88,3.0931779774206385,29
190,apt_00746,ss,50,mcts,-256.84,2.882043892795528,41,-256.84,4.556112048666041,22
191,apt_02643,ss,50,mcts,-270.42,6.242656005259312,49,-256.81,3.0352307984731586,33
192,apt_01085,ss,53,mcts,-256.67,2.4030368286815733,45,-256.67,3.8990636055340198,27
193,apt_01155,ss,50,mcts,-256.61,2.0446623193084843,46,-256.61,2.321262587472613,30
194,apt_00430,ss,50,mcts,-256.57,2.757369942535827,48,-256.57,2.757369942535827,24
195,apt_01860,ss,53,mcts,-256.57,2.3479229118521037,36,-256.57,4.028842761885857,16
196,apt_00247,ss,54,mcts,-256.56,2.1181890850441003,51,-256.56,2.1181890850441003,24
197,apt_00056,ss,55,mcts,-256.51,2.9477783159525437,51,-256.51,6.435133409650485,24
198,apt_02544,ss,50,mcts,-256.4,2.687710735923805,62,-256.4,2.687710735923805,42
199,apt_01473,ss,50,mcts,-256.89,5.832824701634709,37,-256.16,3.354219581363162,18
200,apt_01093,ss,51,mcts,-255.96,2.440057581287779,49,-255.96,2.440057581287779,32
201,apt_02745,ss,54,mcts,-255.71,2.3257949178721757,38,-255.71,5.074405778019726,20
202,apt_00495,ss,50,mcts,-255.64,3.527580757403006,57,-255.64,3.527580757403006,27
203,apt_01853,ss,55,mcts,-255.64,3.1488448675665217,49,-255.64,3.405143315632982,34
204,apt_02056,ss,55,mcts,-255.58,2.4736230513156325,51,-255.58,2.8101439464910016,38
205,apt_00207,ss,50,mcts,-255.54,2.8543027169520863,53,-255.54,6.922906614999223,27
206,apt_00642,ss,50,mcts,-255.53,2.4875719085083787,48,-255.53,2.4875719085083787,31
207,apt_00944,ss,52,mcts,-255.49,2.780162585173758,39,-255.49,5.791424177177835,22
208,apt_00909,ss,50,mcts,-277.44,3.744517191841949,48,-255.47,5.18208162807188,23
209,apt_02721,ss,51,mcts,-255.46,2.326340258861532,48,-255.46,3.7707280464122643,24
210,apt_00714,ss,50,mcts,-255.45,2.4535333704679974,46,-255.45,2.4535333704679974,26
211,apt_02689,ss,51,mcts,-255.45,2.644357388856487,47,-255.45,5.68357968185544,35
212,apt_01311,ss,50,mcts,-255.29,2.341277215538568,54,-255.29,2.6885218987391584,37
213,apt_00238,ss,50,mcts,-255.25,2.7755586824998093,49,-255.25,2.7755586824998093,27
214,apt_01647,ss,50,mcts,-255.24,2.709788921668996,35,-255.24,3.548081735247937,24
215,apt_01270,ss,50,mcts,-270.8,3.0068292269432386,57,-255.23,6.866607677740163,39
216,apt_01067,ss,52,mcts,-255.22,3.5492039952642735,53,-255.22,6.102417062115644,32
217,apt_00777,ss,50,mcts,-255.18,2.0589203481436362,47,-255.18,3.9180598515081426,30
218,apt_01527,ss,50,mcts,-255.14,3.0067010160639493,50,-255.14,5.63068423906011,31
219,apt_00390,ss,50,mcts,-255.11,2.572559425941407,48,-255.11,2.572559425941407,26
220,apt_01513,ss,50,mcts,-255.1,2.778901581560604,33,-255.1,6.4223653742215605,20
221,apt_02165,ss,56,mcts,-259.92,4.839577460894712,53,-255.08,5.1841223943884644,38
222,apt_00503,ss,50,mcts,-254.98,2.066271521364045,54,-254.98,3.052287011406358,33
223,apt_01972,ss,50,mcts,-254.96,2.590909685805359,59,-254.96,3.933051995588156,45
224,apt_00209,ss,50,mcts,-254.94,3.005951596416667,46,-254.94,4.7333628637576535,27
225,apt_00265,ss,50,mcts,-254.87,2.451565622209619,55,-254.87,2.451565622209619,41
226,apt_01715,ss,50,mcts,-254.81,2.7433885980662636,55,-254.81,4.225834118845643,40
227,apt_00439,ss,50,mcts,-254.79,3.1446859938633085,36,-254.79,4.623329860609112,21
228,apt_01154,ss,51,mcts,-254.64,2.22442576859736,55,-254.64,2.22442576859736,34
229,apt_01467,ss,50,mcts,-254.58,2.727729642028324,52,-254.58,5.52550423038476,25
230,apt_01612,ss,50,mcts,-271.68,6.180224995904267,28,-254.47,2.747135781136425,14
231,apt_01826,ss,50,mcts,-254.44,2.177542881322903,55,-254.44,5.702054366629631,42
232,apt_00014,ss,50,mcts,-254.43,2.248206396218982,51,-254.43,4.138756576557764,38
233,apt_02644,ss,50,mcts,-266.59,4.625380200588923,52,-254.42,4.128751142900219,35
234,apt_00740,ss,50,mcts,-254.35,2.016254944197303,49,-254.35,6.389096806278654,31
235,apt_00664,ss,54,mcts,-284.59,5.616678555872677,57,-254.34,4.786076159026314,25
236,apt_02568,ss,50,mcts,-254.3,2.5163904704953906,43,-254.3,4.551961555197933,25
237,apt_02136,ss,50,mcts,-254.21,1.7228842096902475,38,-254.21,1.7228842096902475,23
238,apt_01729,ss,50,mcts,-254.03,2.9111267578036015,44,-254.03,5.971408041659866,28
239,apt_02739,ss,50,mcts,-253.96,2.1276684422155796,35,-253.96,6.062393339267921,20
240,apt_01554,ss,50,mcts,-253.95,2.609879307554265,42,-253.95,2.746798136012181,30
241,apt_00197,ss,50,mcts,-253.85,6.167749751732787,49,-253.85,6.300240392239025,28
242,apt_00300,ss,50,mcts,-253.72,2.4190295574878813,42,-253.72,2.4190295574878813,20
243,apt_02071,ss,50,mcts,-253.71,2.9322090648519614,34,-253.71,2.9322090648519614,23
244,apt_01833,ss,50,mcts,-253.7,2.1247084505880083,46,-253.7,3.180607017536121,27
245,apt_00115,ss,50,mcts,-253.66,2.2679034370977984,34,-253.66,4.6677216069513126,16
246,apt_02712,ss,54,mcts,-253.55,2.6551822912937815,54,-253.55,2.7811456272550683,28
247,apt_02743,ss,50,mcts,-253.5,2.476480365357248,56,-253.5,3.240682181269875,39
248,apt_01414,ss,50,mcts,-253.48,3.022514681519365,41,-253.48,6.996713942987799,29
249,apt_01485,ss,50,mcts,-253.43,2.556700021512109,44,-253.43,2.556700021512109,25
250,apt_01878,ss,50,mcts,-253.43,2.644206875416508,34,-253.43,2.644206875416508,15
251,apt_00189,ss,50,mcts,-253.36,3.697546889493079,45,-253.36,3.8915617687504422,28
252,apt_02257,ss,51,mcts,-253.36,2.5343955886956735,45,-253.36,5.985925575882163,27
253,apt_01135,ss,50,mcts,-253.35,3.634048568745331,39,-253.35,6.975618897273558,21
254,apt_00983,ss,50,mcts,-253.33,1.6258388604040666,33,-253.33,1.6258388604040666,15
255,apt_02656,ss,53,mcts,-253.12,2.8776910883553852,55,-253.12,4.019533430635954,38
256,apt_01331,ss,50,mcts,-253.07,3.266141148205327,34,-253.07,6.560988492597736,22
257,apt_01705,ss,61,mcts,-253.02,2.65927076470223,46,-253.02,2.6720789658990256,29
258,apt_00532,ss,50,mcts,-253.0,2.4632720109642885,59,-253.0,4.095661851276305,33
259,apt_02412,ss,50,mcts,-252.95,3.5733932053441655,48,-252.95,5.1309946404181845,36
260,apt_01595,ss,52,mcts,-252.94,2.6390583547924806,33,-252.94,2.6748988765932795,22
261,apt_00843,ss,50,mcts,-252.92,2.437530102378231,47,-252.92,3.155428021679452,28
262,apt_01783,ss,50,mcts,-252.72,3.080679470506483,46,-252.72,5.270478820752435,25
263,apt_00742,ss,50,mcts,-252.69,1.8635785467750123,48,-252.69,5.960454345098189,31
264,apt_00138,ss,50,mcts,-252.68,3.050246055648626,47,-252.68,3.5885924817398775,38
265,apt_01852,ss,50,mcts,-252.6,2.978976502089275,55,-252.6,2.978976502089275,35
266,apt_01329,ss,52,mcts,-252.56,2.4331413851233448,55,-252.56,3.1854076662179316,37
267,apt_01580,ss,50,mcts,-252.28,2.951220933783166,47,-252.28,4.022827985385414,33
268,apt_01625,ss,50,mcts,-252.2,2.9361110333228373,57,-252.2,6.089932758249464,33
269,apt_00893,ss,51,mcts,-252.19,2.669878461653259,51,-252.19,2.95311598146771,33
270,apt_01023,ss,50,mcts,-252.14,4.84445776119475,49,-252.14,5.124769848490778,32
271,apt_02604,ss,54,mcts,-252.03,1.6376660221180528,46,-252.03,3.5153534672917406,33
272,apt_02577,ss,55,mcts,-251.96,3.053047330127716,57,-251.96,6.580106230145539,40
273,apt_01049,ss,55,mcts,-251.92,2.8251037149103144,56,-251.92,4.293963204313706,40
274,apt_01074,ss,54,mcts,-251.92,1.8682711259343476,37,-251.92,1.8682711259343476,18
275,apt_02518,ss,55,mcts,-251.89,2.1431682155164813,51,-251.89,6.50807237206225,31
276,apt_00557,ss,50,mcts,-251.79,2.485732889913958,36,-251.79,2.8495561057821015,27
277,apt_01985,ss,50,mcts,-251.7,2.474586430092916,34,-251.7,2.474586430092916,25
278,apt_01043,ss,50,mcts,-251.67,2.3720583888260323,47,-251.67,2.3720583888260323,29
279,apt_00915,ss,50,mcts,-251.65,2.479759867406529,46,-251.65,5.346688133788973,29
280,apt_01857,ss,50,mcts,-256.65,3.638412565941348,51,-251.51,2.853869303244292,27
281,apt_01179,ss,50,mcts,-251.36,2.2953128327093144,42,-251.36,2.822010985095572,26
282,apt_00926,ss,50,mcts,-251.32,1.6789463958089827,49,-251.32,1.6789463958089827,19
283,apt_00798,ss,50,mcts,-251.25,2.683646027329234,45,-251.25,5.678630204547579,29
284,apt_00040,ss,58,mcts,-251.24,2.8717703598999775,43,-251.24,4.6643693035607905,27
285,apt_01790,ss,50,mcts,-288.65,4.239933254191632,54,-251.2,2.8623258025598726,39
286,apt_00249,ss,55,mcts,-251.16,2.9791242001635325,53,-251.16,2.9791242001635325,36
287,apt_00178,ss,50,mcts,-251.09,2.374783779631319,57,-251.09,4.707035372716052,44
288,apt_00611,ss,50,mcts,-251.02,4.390002505694053,38,-251.02,4.390002505694053,21
289,apt_00466,ss,53,mcts,-250.99,3.062688524809552,40,-250.99,6.8042867370504005,25
290,apt_02444,ss,50,mcts,-250.96,3.6130466368426615,58,-250.96,6.720403336110118,38
291,apt_00202,ss,50,mcts,-250.94,2.950248294635556,38,-250.94,4.6283385787991085,22
292,apt_02243,ss,50,mcts,-250.89,2.323791298718549,52,-250.89,2.752233093326218,30
293,apt_01690,ss,55,mcts,-250.84,2.265683340628162,49,-250.84,5.200384024281271,32
294,apt_02328,ss,50,mcts,-250.82,3.487225974897531,44,-250.82,4.654575705690037,24
295,apt_01133,ss,50,mcts,-250.74,2.8542873015868575,40,-250.74,6.461289345014666,22
296,apt_02295,ss,50,mcts,-250.73,5.020680730737595,27,-250.73,6.326246991700521,19
297,apt_00790,ss,50,mcts,-250.64,2.3216993776111527,38,-250.64,2.8694161427022062,23
298,apt_02399,ss,50,mcts,-250.6,2.0696304017867457,36,-250.6,3.021587993092371,23
299,apt_00441,ss,50,mcts,-250.48,2.7994660205117703,42,-250.48,2.7994660205117703,28
300,apt_00065,ss,52,mcts,-250.33,2.4250874211046463,39,-250.33,3.355073173568651,25
301,apt_00298,ss,50,mcts,-250.27,2.8195386147382457,41,-250.27,2.8195386147382457,20
302,apt_00890,ss,50,mcts,-250.25,2.6453890073106416,36,-250.25,4.8785285691487,23
303,apt_00531,ss,50,mcts,-250.2,2.3715317834682335,44,-250.2,5.097619934832342,27
304,apt_01199,ss,51,mcts,-250.2,2.9781124894805355,44,-250.2,3.239090150026703,28
305,apt_01970,ss,50,mcts,-250.19,2.184756965888885,50,-250.19,3.4018187782420095,25
306,apt_01956,ss,50,mcts,-250.01,2.34935288962727,43,-250.01,5.983438225635826,24
307,apt_00906,ss,50,mcts,-249.97,1.1763876911970865,45,-249.97,2.8501561360739407,29
308,apt_00051,ss,51,mcts,-249.89,2.395192685359578,49,-249.89,2.6373071493476155,27
309,apt_02552,ss,50,mcts,-249.87,2.4507843642393365,38,-249.87,2.4507843642393365,24
310,apt_00759,ss,50,mcts,-249.84,2.8436712186889763,39,-249.84,3.735523925769995,14
311,apt_02508,ss,50,mcts,-249.78,2.2900849329227926,38,-249.78,3.4142130864959386,24
312,apt_02095,ss,50,mcts,-249.76,3.1419104061064407,36,-249.76,3.3403607589600273,22
313,apt_00005,ss,52,mcts,-249.71,2.429009880589211,40,-249.71,2.429009880589211,26
314,apt_01272,ss,51,mcts,-249.68,2.4836847626057557,49,-249.68,5.199828074080919,33
315,apt_01041,ss,52,mcts,-249.57,1.973058792839182,41,-249.57,1.973058792839182,28
316,apt_00644,ss,50,mcts,-249.56,1.8935809990597194,50,-249.56,2.709278317190763,28
317,apt_01952,ss,53,mcts,-249.56,2.5864373180110203,33,-249.56,2.8416011331641857,18
318,apt_01962,ss,52,mcts,-249.51,2.6657025340423766,41,-249.51,2.6657025340423766,22
319,apt_00676,ss,50,mcts,-249.49,3.3092556564883338,41,-249.49,3.3092556564883338,24
320,apt_00958,ss,54,mcts,-249.48,2.341311811784158,63,-249.48,2.341311811784158,41
321,apt_01406,ss,50,mcts,-249.44,2.9864823789870196,30,-249.44,3.324582530183301,16
322,apt_01877,ss,50,mcts,-249.42,2.062761256180658,52,-249.42,2.062761256180658,31
323,apt_00229,ss,54,mcts,-249.37,2.4329950678125,47,-249.37,3.8366322471667837,27
324,apt_02500,ss,50,mcts,-249.37,2.0304115346402045,41,-249.37,3.9968881645600134,26
325,apt_02382,ss,53,mcts,-249.29,3.5688980091899514,45,-249.29,5.481598671920445,31
326,apt_01963,ss,53,mcts,-249.2,2.7762838471597155,58,-249.2,3.769153883831228,37
327,apt_00255,ss,60,mcts,-249.04,2.7616938642796804,63,-249.04,2.7616938642796804,39
328,apt_00505,ss,53,mcts,-249.03,2.2477586614225324,48,-249.03,5.241347345864422,26
329,apt_00616,ss,50,mcts,-248.92,4.412589829113964,41,-248.92,6.691097443618647,24
330,apt_00787,ss,50,mcts,-270.36,5.57764771207363,42,-248.91,3.685552061767687,21
331,apt_01386,ss,52,mcts,-248.75,2.312296261295245,48,-248.75,2.312296261295245,30
332,apt_00772,ss,50,mcts,-262.24,4.5671840339535485,44,-248.63,5.373778651935718,22
333,apt_00948,ss,50,mcts,-248.56,2.971257141346056,46,-248.56,3.222337971101106,22
334,apt_00050,ss,54,mcts,-248.44,3.718003362021057,41,-248.44,4.230843178374739,20
335,apt_00693,ss,50,mcts,-248.44,2.5834513736472875,39,-248.44,3.196035982275533,22
336,apt_01033,ss,50,mcts,-248.43,2.7903707638950292,50,-248.43,6.632882782018702,33
337,apt_00628,ss,50,mcts,-257.53,2.8889079251509675,43,-248.41,3.042359281873199,26
338,apt_01930,ss,54,mcts,-248.34,2.008949476716627,42,-248.34,2.008949476716627,24
339,apt_00569,ss,50,mcts,-248.33,3.0192550405687815,34,-248.33,6.581047105134567,17
340,apt_02659,ss,60,mcts,-248.23,2.5397499876956324,46,-248.23,4.779761604933869,28
341,apt_00792,ss,50,mcts,-248.22,2.65179844633787,44,-248.22,6.932736039977294,19
342,apt_00090,ss,50,mcts,-248.19,4.050626618191307,34,-248.19,4.050626618191307,22
343,apt_01141,ss,50,mcts,-248.18,3.558815954780479,38,-248.18,5.967024886825943,26
344,apt_00735,ss,50,mcts,-248.14,3.223103628492269,51,-248.14,4.972103780091485,35
345,apt_01687,ss,60,mcts,-270.18,6.456584933229009,46,-248.14,4.789213922973153,22
346,apt_01601,ss,51,mcts,-248.08,2.8827061938393803,32,-248.08,3.3036050006016184,16
347,apt_00955,ss,50,mcts,-248.0,2.582798095089894,47,-248.0,4.8130697065386405,24
348,apt_02574,ss,50,mcts,-256.83,3.98412085660061,37,-247.97,2.8637124506486424,17
349,apt_00649,ss,50,mcts,-247.96,3.666884235969289,43,-247.96,5.542863880702823,24
350,apt_01479,ss,50,mcts,-247.95,1.2081758977897146,47,-247.95,1.2081758977897146,26
351,apt_01716,ss,50,mcts,-247.93,5.528316470680744,31,-247.93,6.005919829634774,14
352,apt_00946,ss,50,mcts,-252.79,5.61870047252922,39,-247.89,2.9083772107482972,19
353,apt_01274,ss,56,mcts,-275.52,4.366413745855984,49,-247.85,2.5706796766614253,29
354,apt_02733,ss,50,mcts,-247.8,2.8598087348632255,52,-247.8,3.797170788890068,31
355,apt_02646,ss,50,mcts,-247.78,3.0637287738963033,41,-247.78,5.889203171907043,23
356,apt_00613,ss,54,mcts,-249.49,3.7992237365019714,47,-247.77,6.937968794971625,30
357,apt_02099,ss,50,mcts,-247.7,1.9902617918253664,30,-247.7,1.9902617918253664,17
358,apt_00337,ss,50,mcts,-247.6,2.1322115279680967,36,-247.6,2.2351702396014526,26
359,apt_02271,ss,50,mcts,-247.47,4.312387853614284,45,-247.47,6.5669049787552245,24
360,apt_01493,ss,50,mcts,-247.4,1.4181660692598876,53,-247.4,2.4587366674778397,37
361,apt_00351,ss,51,mcts,-247.36,2.51760421829962,40,-247.36,2.6301399202323923,28
362,apt_01185,ss,52,mcts,-247.36,2.1660754834492786,35,-247.36,3.179784426655381,22
363,apt_02565,ss,50,mcts,-247.31,2.7518115851198814,56,-247.31,2.7518115851198814,37
364,apt_02490,ss,50,mcts,-247.3,2.8765322873209613,58,-247.3,2.8765322873209613,40
365,apt_00063,ss,52,mcts,-247.25,2.4050268189772903,56,-247.25,2.4050268189772903,36
366,apt_01870,ss,55,mcts,-247.25,3.6634198503584043,44,-247.25,5.846865485026996,24
367,apt_02475,ss,50,mcts,-247.24,1.758195666016707,58,-247.24,4.117348782894164,41
368,apt_00424,ss,50,mcts,-277.68,4.480689009516291,47,-247.23,4.800163851370089,28
369,apt_00437,ss,50,mcts,-247.2,2.580843466775946,46,-247.2,3.5262049004560003,26
370,apt_01451,ss,50,mcts,-247.2,2.024186256252128,42,-247.2,2.024186256252128,25
371,apt_02051,ss,54,mcts,-247.19,2.629411721279118,46,-247.19,3.6875696603589865,24
372,apt_02769,ss,57,mcts,-247.16,2.346653787843455,48,-247.16,2.346653787843455,30
373,apt_02216,ss,50,mcts,-247.12,2.3715650950374423,54,-247.12,2.3715650950374423,33
374,apt_00812,ss,50,mcts,-247.1,2.7183967701569975,68,-247.1,2.7183967701569975,54
375,apt_00783,ss,50,mcts,-247.06,2.5676411353614204,60,-247.06,3.0546530081172762,38
376,apt_01906,ss,50,mcts,-247.02,3.4400797955861693,43,-247.02,3.8167989205615798,22
377,apt_00806,ss,50,mcts,-246.91,2.979155585060985,41,-246.91,6.914404818926936,21
378,apt_01075,ss,50,mcts,-254.04,2.408624711323893,54,-246.9,6.776079323620697,31
379,apt_01367,ss,50,mcts,-257.55,4.867879004248168,39,-246.79,6.813346167633062,20
380,apt_01953,ss,56,mcts,-246.79,1.7327406037834958,44,-246.79,1.7327406037834958,31
381,apt_02437,ss,51,mcts,-246.75,2.465171393635741,50,-246.75,2.5021256962830662,34
382,apt_01006,ss,50,mcts,-246.7,2.3990633588965413,35,-246.7,3.524395409144657,21
383,apt_02650,ss,50,mcts,-246.68,2.069015708011889,39,-246.68,6.179804527652954,22
384,apt_01455,ss,53,mcts,-247.67,6.148695634034891,47,-246.66,5.880044642687662,27
385,apt_00516,ss,50,mcts,-247.71,2.985737094923147,59,-246.52,6.924924909340174,37
386,apt_00278,ss,50,mcts,-246.51,2.090078706651969,58,-246.51,3.021751809795099,48
387,apt_01979,ss,51,mcts,-246.49,2.835830389850572,44,-246.49,5.908825517816566,27
388,apt_01028,ss,50,mcts,-246.47,3.205352554712203,48,-246.47,3.205352554712203,27
389,apt_01228,ss,50,mcts,-246.46,2.816125352323664,41,-246.46,5.16051421856389,23
390,apt_01639,ss,50,mcts,-246.37,2.6726528019927867,55,-246.37,6.053363114831306,37
391,apt_01248,ss,53,mcts,-246.32,3.372883336256993,56,-246.32,3.372883336256993,37
392,apt_01381,ss,56,mcts,-250.74,3.101072395156211,52,-246.27,6.977855902782743,24
393,apt_00824,ss,50,mcts,-246.13,2.467545136365302,56,-246.13,4.10342369247925,41
394,apt_00556,ss,53,mcts,-246.09,4.0106970715824355,35,-246.09,4.608386051536924,18
395,apt_00419,ss,51,mcts,-246.01,2.6594262539126845,38,-246.01,3.1350933000470755,22
396,apt_01152,ss,50,mcts,-246.01,2.399596841138112,46,-246.01,3.0039525628744475,25
397,apt_01572,ss,50,mcts,-246.0,2.478413605514632,48,-246.0,2.7853698138667373,32
398,apt_01759,ss,50,mcts,-245.96,3.2882872441439823,25,-245.96,4.346975730321033,12
399,apt_02580,ss,50,mcts,-245.96,2.362957680535132,40,-245.96,2.691060757396626,14
400,apt_02235,ss,50,mcts,-245.95,2.619537936354429,46,-245.95,2.619537936354429,28
401,apt_01874,ss,54,mcts,-245.91,2.1435909124644072,56,-245.91,2.1435909124644072,33
402,apt_02686,ss,50,mcts,-254.01,4.1565693787064415,51,-245.91,2.4213487976745443,35
403,apt_01522,ss,50,mcts,-245.89,2.090363843927674,49,-245.89,3.674110640685723,29
404,apt_02081,ss,50,mcts,-279.73,2.7096924179692277,50,-245.89,1.9719333153025314,22
405,apt_00732,ss,50,mcts,-245.86,1.7673262290816614,43,-245.86,3.926363712138747,26
406,apt_02778,ss,50,mcts,-245.86,3.724405187409124,52,-245.86,6.206435611524543,30
407,apt_01117,ss,50,mcts,-245.85,2.4038735407670537,34,-245.85,5.5396380748204175,21
408,apt_00326,ss,50,mcts,-245.8,3.227979863629883,34,-245.8,5.347238072126589,18
409,apt_00231,ss,54,mcts,-245.77,2.6897964607010603,60,-245.77,2.6897964607010603,44
410,apt_02673,ss,50,mcts,-245.74,5.453425437282519,53,-245.74,6.665181917997428,31
411,apt_02711,ss,54,mcts,-245.7,3.0038909767167037,40,-245.7,6.664542820028997,21
412,apt_01005,ss,50,mcts,-245.69,1.1436096361958519,41,-245.69,2.749165146003423,27
413,apt_01526,ss,50,mcts,-245.67,2.1129195441379296,55,-245.67,2.951030159113922,37
414,apt_02124,ss,50,mcts,-245.64,2.3270066609272946,45,-245.64,4.015261261736279,36
415,apt_02206,ss,50,mcts,-245.56,2.0986021538157256,44,-245.56,3.759449693771681,26
416,apt_01308,ss,50,mcts,-245.52,3.1330057452867837,58,-245.52,6.389042886066733,37
417,apt_01226,ss,50,mcts,-245.51,2.3878345838855584,45,-245.51,2.5069890306900073,28
418,apt_02730,ss,53,mcts,-245.47,1.8714609266559643,41,-245.47,5.446962639857195,28
419,apt_00026,ss,50,mcts,-245.4,3.127668300827309,50,-245.4,4.252854218051682,30
420,apt_01887,ss,50,mcts,-245.37,1.6520547811740467,52,-245.37,2.941574068419829,36
421,apt_01160,ss,50,mcts,-245.19,2.279756346630038,37,-245.19,2.528467915556765,24
422,apt_01409,ss,50,mcts,-245.17,2.2890640008527594,36,-245.17,4.671838289153414,27
423,apt_02215,ss,50,mcts,-245.15,2.5113583973618705,47,-245.15,4.215155157286611,31
424,apt_00879,ss,50,mcts,-245.09,2.9565679427336087,27,-245.09,2.9565679427336087,13
425,apt_00021,ss,53,mcts,-245.08,2.907915060657724,50,-245.08,3.179385632476835,41
426,apt_00433,ss,50,mcts,-245.08,2.8583785613525734,46,-245.08,3.3552032725306082,28
427,apt_01921,ss,54,mcts,-245.06,2.8307179301371614,48,-245.06,2.8523698918618394,31
428,apt_01290,ss,50,mcts,-245.05,2.303422887791116,54,-245.05,2.303422887791116,41
429,apt_00113,ss,50,mcts,-245.0,2.5605677104892295,42,-245.0,6.217078815649686,34
430,apt_00867,ss,50,mcts,-245.0,1.6959941037633546,46,-245.0,4.9554299510738895,22
431,apt_00608,ss,51,mcts,-244.98,1.3859473294465456,44,-244.98,3.4070061637748705,27
432,apt_00691,ss,50,mcts,-244.98,3.5967381055617706,44,-244.98,6.533895469013866,29
433,apt_01310,ss,50,mcts,-244.92,2.296651910934706,45,-244.92,2.296651910934706,26
434,apt_00133,ss,52,mcts,-244.91,2.5162005087035366,29,-244.91,2.5409732387414126,21
435,apt_02652,ss,50,mcts,-244.83,2.913534279873837,46,-244.83,4.680342508834147,29
436,apt_00883,ss,50,mcts,-244.82,3.0259429935145796,49,-244.82,5.310075423193168,35
437,apt_01417,ss,50,mcts,-244.82,1.9857001284181912,49,-244.82,3.2998899981666088,34
438,apt_01262,ss,51,mcts,-244.69,2.791447832218983,54,-244.69,5.665614618026887,24
439,apt_02734,ss,50,mcts,-244.65,3.1563298306735996,51,-244.65,4.7584882053021875,32
440,apt_00496,ss,50,mcts,-244.59,3.0130524389728035,45,-244.59,3.0130524389728035,23
441,apt_02226,ss,53,mcts,-244.57,2.470273061829399,43,-244.57,2.470273061829399,20
442,apt_00888,ss,52,mcts,-274.68,6.341024049788798,57,-244.56,2.502395851978646,35
443,apt_00143,ss,51,mcts,-244.47,6.126569921252845,46,-244.47,6.126569921252845,32
444,apt_00540,ss,53,mcts,-244.4,2.3599182189219965,33,-244.4,3.554850489120462,21
445,apt_02024,ss,55,mcts,-244.37,2.9743538794165065,48,-244.37,2.9743538794165065,32
446,apt_00279,ss,54,mcts,-244.28,2.80522708528203,33,-244.28,2.80522708528203,17
447,apt_00891,ss,50,mcts,-244.28,2.53131487571185,43,-244.28,3.503829904547313,24
448,apt_01558,ss,50,mcts,-244.27,2.5838804151895296,41,-244.27,4.175342500921339,27
449,apt_01996,ss,50,mcts,-244.19,1.644764420821396,42,-244.19,5.108367449586997,25
450,apt_02010,ss,50,mcts,-250.62,3.0190713804081972,47,-244.17,6.130111010414094,25
451,apt_00813,ss,50,mcts,-255.44,6.377332514460876,55,-244.1,2.561872947669348,29
452,apt_02138,ss,56,mcts,-244.05,3.0603707291764475,41,-244.05,5.447734758594634,23
453,apt_00059,ss,50,mcts,-244.02,2.4851981812322324,46,-244.02,6.1371965912784665,29
454,apt_02688,ss,51,mcts,-244.01,1.77280173736376,45,-244.01,3.5912233291734927,29
455,apt_01229,ss,50,mcts,-243.96,3.933467427092799,45,-243.96,5.0138971868198645,30
456,apt_01903,ss,50,mcts,-243.93,4.437200130713086,34,-243.93,6.600378473996758,23
457,apt_00101,ss,50,mcts,-243.89,2.4163445532456773,31,-243.89,2.814480413859724,17
458,apt_01411,ss,59,mcts,-243.82,3.1644378647715654,51,-243.82,5.050604221278867,30
459,apt_00776,ss,50,mcts,-243.74,2.478824519807719,38,-243.74,6.705780416923914,20
460,apt_01637,ss,50,mcts,-243.68,2.7792864192090714,34,-243.68,6.245308158930191,21
461,apt_00152,ss,56,mcts,-243.66,2.4188265750152556,45,-243.66,2.4635594167789003,26
462,apt_01326,ss,50,mcts,-243.63,2.860114158560804,33,-243.63,4.782966966225042,22
463,apt_00286,ss,53,mcts,-243.59,3.1611811083833756,52,-243.59,6.583248514221523,35
464,apt_02228,ss,51,mcts,-243.59,2.171532408231577,40,-243.59,3.2534530886428907,28
465,apt_01638,ss,50,mcts,-243.51,2.495132461413622,25,-243.51,2.495132461413622,13
466,apt_02661,ss,50,mcts,-243.51,3.0212470935029545,41,-243.51,3.0212470935029545,26
467,apt_01404,ss,50,mcts,-243.46,2.5901494165395005,39,-243.46,2.708754695427397,19
468,apt_01583,ss,50,mcts,-243.46,2.1445619599349404,32,-243.46,4.2646063124279125,17
469,apt_01531,ss,50,mcts,-243.41,3.1661759268872043,44,-243.41,5.3676774306957,27
470,apt_00650,ss,50,mcts,-243.39,2.1790642487086,35,-243.39,2.1790642487086,25
471,apt_01374,ss,50,mcts,-243.36,2.813207066676771,47,-243.36,6.545841733497705,24
472,apt_02053,ss,50,mcts,-243.33,3.627369432522694,39,-243.33,6.818326114230679,25
473,apt_00162,ss,56,mcts,-243.31,3.1553082258314906,39,-243.31,4.60141087059175,18
474,apt_01214,ss,50,mcts,-243.22,2.6808155475526494,44,-243.22,2.9951676079979235,28
475,apt_01910,ss,50,mcts,-243.14,2.57003521376654,52,-243.14,2.57003521376654,34
476,apt_01168,ss,51,mcts,-243.08,1.9429114750806125,45,-243.08,4.193799709094364,26
477,apt_00897,ss,53,mcts,-243.05,2.0964918316082217,50,-243.05,2.0964918316082217,26
478,apt_01774,ss,50,mcts,-243.04,4.157605801419851,48,-243.04,6.370174408915343,34
479,apt_02595,ss,50,mcts,-243.04,2.299008699418101,41,-243.04,6.9606152026958,28
480,apt_01142,ss,50,mcts,-243.02,2.294216641906329,54,-243.02,2.9665752982184808,24
481,apt_01192,ss,50,mcts,-243.0,2.5267310897679542,37,-243.0,4.130762762493159,20
482,apt_02290,ss,53,mcts,-243.0,2.5444916977659866,43,-243.0,4.738081784857659,23
483,apt_01151,ss,50,mcts,-242.95,2.5302444545932494,45,-242.95,5.6747254559141345,30
484,apt_00067,ss,53,mcts,-242.94,2.6141574168362527,48,-242.94,4.429980699732231,33
485,apt_00058,ss,50,mcts,-242.92,2.405707380376942,34,-242.92,6.462600946987213,10
486,apt_01811,ss,50,mcts,-242.88,2.5941035060305464,33,-242.88,2.5941035060305464,22
487,apt_01321,ss,50,mcts,-242.85,3.695105275902164,63,-242.85,5.1941500748438125,42
488,apt_01189,ss,50,mcts,-242.81,2.757504306433644,28,-242.81,5.004115706096341,15
489,apt_02744,ss,50,mcts,-242.78,5.781190015905027,41,-242.78,5.969309759092757,17
490,apt_02729,ss,50,mcts,-242.77,2.8613222467943102,39,-242.77,6.079967845309718,17
491,apt_00020,ss,54,mcts,-242.76,2.317283754743891,43,-242.76,2.317283754743891,34
492,apt_00886,ss,50,mcts,-242.76,3.0480226377112207,44,-242.76,3.6835975621666464,34
493,apt_01265,ss,52,mcts,-244.4,6.580683475141453,51,-242.76,5.646553993366216,29
494,apt_00019,ss,61,mcts,-242.6,4.768161175967113,39,-242.6,4.818694636517229,23
495,apt_01856,ss,50,mcts,-242.57,2.90088727805821,51,-242.57,2.90088727805821,27
496,apt_01897,ss,50,mcts,-242.51,3.0328313504051003,43,-242.51,6.559105198119635,31
497,apt_02254,ss,50,mcts,-242.75,4.513022712107712,44,-242.5,6.718150787233051,31
498,apt_02115,ss,50,mcts,-242.49,4.0346708663780815,50,-242.49,6.140972561410757,26
499,apt_01986,ss,55,mcts,-242.48,2.13715535233171,50,-242.48,2.999724820712723,32
500,apt_00545,ss,56,mcts,-242.44,2.346410450027871,49,-242.44,2.346410450027871,27
